﻿<?xml version="1.0"?>
<doc>
<assembly>
<name>
INVOICE
</name>
</assembly>
<members>
<member name="T:INVOICE.INVOICEDataSet.CUSTOMERDETAILSDataTable">
	<summary>
Represents the strongly named DataTable class.
</summary>
</member><member name="T:INVOICE.INVOICEDataSet.INVOICEDETAILSDataTable">
	<summary>
Represents the strongly named DataTable class.
</summary>
</member><member name="T:INVOICE.INVOICEDataSet.PRODUCTDETAILSDataTable">
	<summary>
Represents the strongly named DataTable class.
</summary>
</member><member name="T:INVOICE.INVOICEDataSet.CUSTOMERDETAILSRow">
	<summary>
Represents strongly named DataRow class.
</summary>
</member><member name="T:INVOICE.INVOICEDataSet.INVOICEDETAILSRow">
	<summary>
Represents strongly named DataRow class.
</summary>
</member><member name="T:INVOICE.INVOICEDataSet.PRODUCTDETAILSRow">
	<summary>
Represents strongly named DataRow class.
</summary>
</member><member name="T:INVOICE.INVOICEDataSet.CUSTOMERDETAILSRowChangeEvent">
	<summary>
Row event argument class
</summary>
</member><member name="T:INVOICE.INVOICEDataSet.INVOICEDETAILSRowChangeEvent">
	<summary>
Row event argument class
</summary>
</member><member name="T:INVOICE.INVOICEDataSet.PRODUCTDETAILSRowChangeEvent">
	<summary>
Row event argument class
</summary>
</member><member name="T:INVOICE.INVOICEDataSet">
	<summary>
Represents a strongly typed in-memory cache of data.
</summary>
</member><member name="T:INVOICE.INVOICEDataSetTableAdapters.CUSTOMERDETAILSTableAdapter">
	<summary>
Represents the connection and commands used to retrieve and save data.
</summary>
</member><member name="T:INVOICE.INVOICEDataSetTableAdapters.INVOICEDETAILSTableAdapter">
	<summary>
Represents the connection and commands used to retrieve and save data.
</summary>
</member><member name="T:INVOICE.INVOICEDataSetTableAdapters.PRODUCTDETAILSTableAdapter">
	<summary>
Represents the connection and commands used to retrieve and save data.
</summary>
</member><member name="M:INVOICE.INVOICEDataSetTableAdapters.TableAdapterManager.UpdateUpdatedRows(INVOICE.INVOICEDataSet,System.Collections.Generic.List{System.Data.DataRow},System.Collections.Generic.List{System.Data.DataRow})">
	<summary>
Update rows in top-down order.
</summary>
</member><member name="M:INVOICE.INVOICEDataSetTableAdapters.TableAdapterManager.UpdateInsertedRows(INVOICE.INVOICEDataSet,System.Collections.Generic.List{System.Data.DataRow})">
	<summary>
Insert rows in top-down order.
</summary>
</member><member name="M:INVOICE.INVOICEDataSetTableAdapters.TableAdapterManager.UpdateDeletedRows(INVOICE.INVOICEDataSet,System.Collections.Generic.List{System.Data.DataRow})">
	<summary>
Delete rows in bottom-up order.
</summary>
</member><member name="M:INVOICE.INVOICEDataSetTableAdapters.TableAdapterManager.GetRealUpdatedRows(System.Data.DataRow[],System.Collections.Generic.List{System.Data.DataRow})">
	<summary>
Remove inserted rows that become updated rows after calling TableAdapter.Update(inserted rows) first
</summary>
</member><member name="M:INVOICE.INVOICEDataSetTableAdapters.TableAdapterManager.UpdateAll(INVOICE.INVOICEDataSet)">
	<summary>
Update all changes to the dataset.
</summary>
</member><member name="T:INVOICE.INVOICEDataSetTableAdapters.TableAdapterManager.UpdateOrderOption">
	<summary>
Update Order Option
</summary>
</member><member name="T:INVOICE.INVOICEDataSetTableAdapters.TableAdapterManager.SelfReferenceComparer">
	<summary>
Used to sort self-referenced table's rows
</summary>
</member><member name="T:INVOICE.INVOICEDataSetTableAdapters.TableAdapterManager">
	<summary>
TableAdapterManager is used to coordinate TableAdapters in the dataset to enable Hierarchical Update scenarios
</summary>
</member><member name="P:INVOICE.My.Resources.Resources.ResourceManager">
	<summary>
  Returns the cached ResourceManager instance used by this class.
</summary>
</member><member name="P:INVOICE.My.Resources.Resources.Culture">
	<summary>
  Overrides the current thread's CurrentUICulture property for all
  resource lookups using this strongly typed resource class.
</summary>
</member><member name="P:INVOICE.My.Resources.Resources.CHECKED_VALIDATION">
	<summary>
  Looks up a localized resource of type System.Drawing.Bitmap.
</summary>
</member><member name="P:INVOICE.My.Resources.Resources.CHECKVALIDITY">
	<summary>
  Looks up a localized resource of type System.Drawing.Bitmap.
</summary>
</member><member name="P:INVOICE.My.Resources.Resources.LIST_ICON">
	<summary>
  Looks up a localized resource of type System.Drawing.Bitmap.
</summary>
</member><member name="P:INVOICE.My.Resources.Resources.LISTICON">
	<summary>
  Looks up a localized resource of type System.Drawing.Bitmap.
</summary>
</member><member name="P:INVOICE.My.Resources.Resources.NO_IMAGE_AVAIL">
	<summary>
  Looks up a localized resource of type System.Drawing.Bitmap.
</summary>
</member><member name="T:INVOICE.My.Resources.Resources">
	<summary>
  A strongly-typed resource class, for looking up localized strings, etc.
</summary>
</member>
</members>
</doc>